name,weight
yahoo.com,17.34
hotmail.com,15.53
aol.com,3.2
hotmail.co.uk,1.27
hotmail.fr,1.24
msn.com,1.09
yahoo.fr,0.98
wanadoo.fr,0.9
orange.fr,0.83
comcast.net,0.76
yahoo.co.uk,0.73
yahoo.com.br,0.69
yahoo.co.in,0.6
live.com,0.56
rediffmail.com,0.51
free.fr,0.51
gmx.de,0.44
web.de,0.43
yandex.ru,0.42
ymail.com,0.41
libero.it,0.38
outlook.com,0.38
uol.com.br,0.34
bol.com.br,0.33
mail.ru,0.32
cox.net,0.25
hotmail.it,0.25
sbcglobal.net,0.24
sfr.fr,0.23
live.fr,0.23
verizon.net,0.22
live.co.uk,0.21
googlemail.com,0.2
yahoo.es,0.2
ig.com.br,0.19
live.nl,0.19
bigpond.com,0.18
terra.com.br,0.17
yahoo.it,0.17
neuf.fr,0.17
yahoo.de,0.16
alice.it,0.16
rocketmail.com,0.15
att.net,0.15
laposte.net,0.15
facebook.com,0.15
bellsouth.net,0.15
yahoo.in,0.14
hotmail.es,0.13
charter.net,0.12
yahoo.ca,0.12
yahoo.com.au,0.12
rambler.ru,0.12
hotmail.de,0.11
tiscali.it,0.1
shaw.ca,0.1
yahoo.co.jp,0.1
sky.com,0.1
earthlink.net,0.09
optonline.net,0.09
freenet.de,0.09
t-online.de,0.09
aliceadsl.fr,0.08
virgilio.it,0.08
home.nl,0.07
qq.com,0.07
telenet.be,0.07
me.com,0.07
yahoo.com.ar,0.07
tiscali.co.uk,0.07
yahoo.com.mx,0.07
voila.fr,0.06
gmx.net,0.06
mail.com,0.06
planet.nl,0.06
tin.it,0.06
live.it,0.06
ntlworld.com,0.06
arcor.de,0.06
yahoo.co.id,0.06
frontiernet.net,0.06
hetnet.nl,0.05
live.com.au,0.05
yahoo.com.sg,0.05
zonnet.nl,0.05
club-internet.fr,0.05
juno.com,0.05
optusnet.com.au,0.05
blueyonder.co.uk,0.05
bluewin.ch,0.05
skynet.be,0.05
sympatico.ca,0.05
windstream.net,0.05
mac.com,0.05
centurytel.net,0.05
chello.nl,0.04
live.ca,0.04
aim.com,0.04
bigpond.net.au,0.04
google.com,0.03
youtube.com,0.03
facebook.com,0.03
baidu.com,0.03
yahoo.com,0.03
amazon.com,0.03
wikipedia.org,0.03
google.co.in,0.03
twitter.com,0.03
qq.com,0.03
live.com,0.03
taobao.com,0.03
bing.com,0.03
google.co.jp,0.03
msn.com,0.03
yahoo.co.jp,0.03
linkedin.com,0.03
sina.com.cn,0.03
instagram.com,0.03
weibo.com,0.03
vk.com,0.03
yandex.ru,0.03
google.de,0.03
google.ru,0.03
hao123.com,0.03
ebay.com,0.03
reddit.com,0.03
google.co.uk,0.03
google.com.br,0.03
mail.ru,0.03
t.co,0.03
pinterest.com,0.03
amazon.co.jp,0.03
google.fr,0.03
netflix.com,0.03
gmw.cn,0.03
tmall.com,0.03
360.cn,0.03
google.it,0.03
microsoft.com,0.03
onclickads.net,0.03
google.es,0.03
paypal.com,0.03
sohu.com,0.03
wordpress.com,0.03
tumblr.com,0.03
blogspot.com,0.03
imgur.com,0.03
xvideos.com,0.03
google.com.mx,0.03
naver.com,0.03
stackoverflow.com,0.03
apple.com,0.03
chinadaily.com.cn,0.03
fc2.com,0.03
aliexpress.com,0.03
imdb.com,0.03
google.ca,0.03
google.co.kr,0.03
github.com,0.03
ok.ru,0.03
pornhub.com,0.03
google.com.hk,0.03
whatsapp.com,0.03
diply.com,0.03
jd.com,0.03
amazon.de,0.03
google.com.tr,0.03
rakuten.co.jp,0.03
craigslist.org,0.03
office.com,0.03
google.co.id,0.03
kat.cr,0.03
amazon.in,0.03
tianya.cn,0.03
blogger.com,0.03
google.pl,0.03
nicovideo.jp,0.03
alibaba.com,0.03
soso.com,0.03
pixnet.net,0.03
google.com.au,0.03
go.com,0.03
amazon.co.uk,0.03
xhamster.com,0.03
dropbox.com,0.03
google.com.tw,0.03
outbrain.com,0.03
xinhuanet.com,0.03
cntv.cn,0.03
googleusercontent.com,0.03
cnn.com,0.03
ask.com,0.03
coccoc.com,0.03
booking.com,0.03
bbc.co.uk,0.03
popads.net,0.03
youth.cn,0.03
twitch.tv,0.03
wikia.com,0.03
microsoftonline.com,0.03
quora.com,0.03
chase.com,0.03
adobe.com,0.03
163.com,0.03
360.com,0.03
haosou.com,0.03
google.com.pk,0.03
google.co.th,0.03
google.com.eg,0.03
google.com.ar,0.03
youku.com,0.03
google.com.sa,0.03
bbc.com,0.03
flipkart.com,0.03
alipay.com,0.03
bongacams.com,0.03
adf.ly,0.03
nytimes.com,0.03
google.nl,0.03
sogou.com,0.03
livedoor.jp,0.03
daum.net,0.03
txxx.com,0.03
amazon.cn,0.03
espn.go.com,0.03
ebay.co.uk,0.03
ettoday.net,0.03
bankofamerica.com,0.03
china.com,0.03
indiatimes.com,0.03
myway.com,0.03
bilibili.com,0.03
walmart.com,0.03
ebay.de,0.03
china.com.cn,0.03
godaddy.com,0.03
dailymail.co.uk,0.03
buzzfeed.com,0.03
zillow.com,0.03
xnxx.com,0.03
salesforce.com,0.03
dailymotion.com,0.03
wellsfargo.com,0.03
detail.tmall.com,0.03
steampowered.com,0.03
steamcommunity.com,0.03
nametests.com,0.03
google.co.ve,0.03
theguardian.com,0.03
google.com.ua,0.03
indeed.com,0.03
ameblo.jp,0.03
aol.com,0.03
etsy.com,0.03
globo.com,0.03
google.co.za,0.03
yelp.com,0.03
amazonaws.com,0.03
huffingtonpost.com,0.03
tudou.com,0.03
so.com,0.03
zhihu.com,0.03
soundcloud.com,0.03
tripadvisor.com,0.03
google.gr,0.03
varzesh3.com,0.03
avito.ru,0.03
onlinesbi.com,0.03
vice.com,0.03
cnzz.com,0.03
directrev.com,0.03
uol.com.br,0.03
bet365.com,0.03
weather.com,0.03
mediafire.com,0.03
uptodown.com,0.03
cnet.com,0.03
washingtonpost.com,0.03
gfycat.com,0.03
goo.ne.jp,0.03
stackexchange.com,0.03
force.com,0.03
taboola.com,0.03
google.com.co,0.03
dmm.co.jp,0.03
tuberel.com,0.03
vimeo.com,0.03
google.com.ng,0.03
naver.jp,0.03
feedly.com,0.03
theladbible.com,0.03
pixiv.net,0.03
redtube.com,0.03
detik.com,0.03
homedepot.com,0.03
torrentz.eu,0.03
slideshare.net,0.03
google.ro,0.03
taringa.net,0.03
foxnews.com,0.03
target.com,0.03
amazon.it,0.03
google.com.pe,0.03
flickr.com,0.03
hclips.com,0.03
google.be,0.03
amazon.fr,0.03
9gag.com,0.03
kakaku.com,0.03
blogspot.in,0.03
ikea.com,0.03
mega.nz,0.03
ifeng.com,0.03
udn.com,0.03
web.de,0.03
americanexpress.com,0.03
iqiyi.com,0.03
bp.blogspot.com,0.03
fbcdn.net,0.03
google.com.ph,0.03
orange.fr,0.03
comcast.net,0.03
google.com.sg,0.03
terraclicks.com,0.03
youm7.com,0.03
putlocker.is,0.03
tribunnews.com,0.03
gmx.net,0.03
youporn.com,0.03
deviantart.com,0.03
nih.gov,0.03
zol.com.cn,0.03
ontests.me,0.03
roblox.com,0.03
doubleclick.net,0.03
hdfcbank.com,0.03
ozock.com,0.03
tistory.com,0.03
capitalone.com,0.03
leboncoin.fr,0.03
douyu.com,0.03
google.cn,0.03
51.la,0.03
google.se,0.03
spotify.com,0.03
wikihow.com,0.03
onet.pl,0.03
babytree.com,0.03
w3schools.com,0.03
upornia.com,0.03
snapdeal.com,0.03
forbes.com,0.03
google.at,0.03
wix.com,0.03
bestbuy.com,0.03
livejournal.com,0.03
mozilla.org,0.03
rdsa2013.com,0.03
xfinity.com,0.03
handycafe.com,0.03
groupon.com,0.03
adnetworkperformance.com,0.03
onedio.com,0.03
thepiratebay.org,0.03
skype.com,0.03
github.io,0.03
allegro.pl,0.03
google.dz,0.03
google.com.vn,0.03
paytm.com,0.03
twimg.com,0.03
wikimedia.org,0.03
icicibank.com,0.03
t-online.de,0.03
tokopedia.com,0.03
popcash.net,0.03
telegraph.co.uk,0.03
usps.com,0.03
slither.io,0.03
wp.pl,0.03
blog.jp,0.03
google.ch,0.03
webtretho.com,0.03
irctc.co.in,0.03
trello.com,0.03
google.pt,0.03
yesky.com,0.03
xywy.com,0.03
huanqiu.com,0.03
eksisozluk.com,0.03
blastingnews.com,0.03
citi.com,0.03
shutterstock.com,0.03
rediff.com,0.03
files.wordpress.com,0.03
ups.com,0.03
1688.com,0.03
google.cl,0.03
bitauto.com,0.03
speedtest.net,0.03
pandora.com,0.03
adexc.net,0.03
imzog.com,0.03
google.ae,0.03
2ch.net,0.03
google.cz,0.03
loading-delivery2.com,0.03
seznam.cz,0.03
ltn.com.tw,0.03
about.com,0.03
chaturbate.com,0.03
ebay-kleinanzeigen.de,0.03
slack.com,0.03
mercadolivre.com.br,0.03
google.co.il,0.03
doorblog.jp,0.03
goodreads.com,0.03
livejasmin.com,0.03
battle.net,0.03
softonic.com,0.03
accuweather.com,0.03
amazon.es,0.03
wordpress.org,0.03
mbc.net,0.03
slickdeals.net,0.03
icloud.com,0.03
caijing.com.cn,0.03
google.hu,0.03
kaskus.co.id,0.03
wittyfeed.com,0.03
fedex.com,0.03
ndtv.com,0.03
att.com,0.03
mlb.com,0.03
kompas.com,0.03
google.ie,0.03
giphy.com,0.03
usatoday.com,0.03
xcar.com.cn,0.03
hulu.com,0.03
archive.org,0.03
sberbank.ru,0.03
media.tumblr.com,0.03
pinimg.com,0.03
messenger.com,0.03
sourceforge.net,0.03
oracle.com,0.03
hp.com,0.03
lowes.com,0.03
zendesk.com,0.03
viralthread.com,0.03
csdn.net,0.03
1905.com,0.03
mama.cn,0.03
youtube-mp3.org,0.03
39.net,0.03
digikala.com,0.03
badoo.com,0.03
businessinsider.com,0.03
kinogo.co,0.03
weebly.com,0.03
samsung.com,0.03
abs-cbn.com,0.03
reimageplus.com,0.03
airbnb.com,0.03
sabah.com.tr,0.03
wordreference.com,0.03
hurriyet.com.tr,0.03
uefa.com,0.03
rambler.ru,0.03
51yes.com,0.03
cnnic.cn,0.03
webmd.com,0.03
ign.com,0.03
liputan6.com,0.03
dell.com,0.03
gizmodo.com,0.03
blogspot.com.br,0.03
bloomberg.com,0.03
blkget.com,0.03
gsmarena.com,0.03
evernote.com,0.03
verizonwireless.com,0.03
secureserver.net,0.03
repubblica.it,0.03
milliyet.com.tr,0.03
isanalyze.com,0.03
sharepoint.com,0.03
eastday.com,0.03
mailchimp.com,0.03
nyaa.se,0.03
enet.com.cn,0.03
medium.com,0.03
google.az,0.03
akamaihd.net,0.03
dmm.com,0.03
billdesk.com,0.03
wsj.com,0.03
naukri.com,0.03
kinopoisk.ru,0.03
friv.com,0.03
expedia.com,0.03
livedoor.biz,0.03
macys.com,0.03
avg.com,0.03
tube8.com,0.03
libero.it,0.03
intuit.com,0.03
google.no,0.03
google.fi,0.03
urdupoint.com,0.03
taleo.net,0.03
addthis.com,0.03
sahibinden.com,0.03
ancestry.com,0.03
likes.com,0.03
savefrom.net,0.03
haber7.com,0.03
answers.com,0.03
google.sk,0.03
kissanime.to,0.03
marca.com,0.03
k618.cn,0.03
ebay.in,0.03
ask.fm,0.03
wetransfer.com,0.03
adplxmd.com,0.03
spiegel.de,0.03
bild.de,0.03
livedoor.com,0.03
ouo.io,0.03
nownews.com,0.03
elpais.com,0.03
thesaurus.com,0.03
rt.com,0.03
amazon.ca,0.03
gearbest.com,0.03
ck101.com,0.03
independent.co.uk,0.03
reuters.com,0.03
google.dk,0.03
suning.com,0.03
daikynguyenvn.com,0.03
scribd.com,0.03
themeforest.net,0.03
lifebuzz.com,0.03
acfun.tv,0.03
box.com,0.03
newegg.com,0.03
nbcnews.com,0.03
rutracker.org,0.03
freepik.com,0.03
telegram.org,0.03
kapanlagi.com,0.03
goal.com,0.03
blogfa.com,0.03
southwest.com,0.03
openload.co,0.03
hm.com,0.03
kickstarter.com,0.03
cloudfront.net,0.03
thesportbible.com,0.03
engadget.com,0.03
impress.co.jp,0.03
kohls.com,0.03
playstation.com,0.03
clickadu.com,0.03
shopify.com,0.03
tabelog.com,0.03
mashable.com,0.03
upwork.com,0.03
espncricinfo.com,0.03
conservativetribune.com,0.03
siteadvisor.com,0.03
realtor.com,0.03
asos.com,0.03
ci123.com,0.03
hatena.ne.jp,0.03
usaa.com,0.03
xe.com,0.03
olx.pl,0.03
videomega.tv,0.03
ameba.jp,0.03
atlassian.net,0.03
sh.st,0.03
ebay.it,0.03
doublepimp.com,0.03
costco.com,0.03
albawabhnews.com,0.03
hatenablog.com,0.03
gismeteo.ru,0.03
souq.com,0.03
google.by,0.03
extratorrent.cc,0.03
yallakora.com,0.03
abcnews.go.com,0.03
baike.com,0.03
moneycontrol.com,0.03
lifehacker.com,0.03
wunderground.com,0.03
hotels.com,0.03
zippyshare.com,0.03
zoho.com,0.03
discovercard.com,0.03
fidelity.com,0.03
cnblogs.com,0.03
zomato.com,0.03
jabong.com,0.03
blogimg.jp,0.03
nikkei.com,0.03
4shared.com,0.03
offerhaus.link,0.03
hespress.com,0.03
theverge.com,0.03
exoclick.com,0.03
bhaskar.com,0.03
gamer.com.tw,0.03
webex.com,0.03
17ok.com,0.03
elmogaz.com,0.03
gap.com,0.03
gamepedia.com,0.03
gamersky.com,0.03
okezone.com,0.03
gamefaqs.com,0.03
infusionsoft.com,0.03
ebay.com.au,0.03
clipconverter.cc,0.03
umblr.com,0.03
ibm.com,0.03
ticketmaster.com,0.03
mercadolibre.com.ar,0.03
beeg.com,0.03
behance.net,0.03
surveymonkey.com,0.03
rbc.ru,0.03
rednet.cn,0.03
ca.gov,0.03
trulia.com,0.03
zing.vn,0.03
elmundo.es,0.03
mi.com,0.03
aparat.com,0.03
free.fr,0.03
airtel.in,0.03
blackboard.com,0.03
meetup.com,0.03
trackingclick.net,0.03
google.bg,0.03
google.lk,0.03
adidas.tmall.com,0.03
nordstrom.com,0.03
merdeka.com,0.03
list-manage.com,0.03
nike.com,0.03
list.tmall.com,0.03
seesaa.net,0.03
blogspot.jp,0.03
allrecipes.com,0.03
google.kz,0.03
huaban.com,0.03
nifty.com,0.03
fiverr.com,0.03
donga.com,0.03
mobile.de,0.03
npr.org,0.03
kooora.com,0.03
wayfair.com,0.03
coursera.org,0.03
redirectvoluum.com,0.03
tutorialspoint.com,0.03
panda.tv,0.03
lenta.ru,0.03
weblio.jp,0.03
xda-developers.com,0.03
asahi.com,0.03
google.com.kw,0.03
thefreedictionary.com,0.03
adp.com,0.03
kayak.com,0.03
yandex.ua,0.03
kijiji.ca,0.03
youdao.com,0.03
korabia.com,0.03
chaoshi.tmall.com,0.03
netteller.com,0.03
drudgereport.com,0.03
japanpost.jp,0.03
hotstar.com,0.03
tradeadexchange.com,0.03
hdzog.com,0.03
change.org,0.03
hootsuite.com,0.03
dictionary.com,0.03
makemytrip.com,0.03
sq.cn,0.03
streamcloud.eu,0.03
norton.com,0.03
blog.me,0.03
watsons.tmall.com,0.03
prothom-alo.com,0.03
researchgate.net,0.03
ebates.com,0.03
hotmovs.com,0.03
olx.in,0.03
sakura.ne.jp,0.03
bookmyshow.com,0.03
subscene.com,0.03
le.com,0.03
emol.com,0.03
justdial.com,0.03
11st.co.kr,0.03
cookpad.com,0.03
retailmenot.com,0.03
thewatchseries.to,0.03
alicdn.com,0.03
shaparak.ir,0.03
corriere.it,0.03
gmarket.co.kr,0.03
overstock.com,0.03
asus.com,0.03
y8.com,0.03
yaolan.com,0.03
momoshop.com.tw,0.03
woot.com,0.03
shopclues.com,0.03
csgolounge.com,0.03
disqus.com,0.03
so-net.ne.jp,0.03
wattpad.com,0.03
ytimg.com,0.03
cbsnews.com,0.03
leagueoflegends.com,0.03
prjcq.com,0.03
reddituploads.com,0.03
patch.com,0.03
4399.com,0.03
adbooth.com,0.03
sabq.org,0.03
dropbooks.tv,0.03
www.gov.uk,0.03
udemy.com,0.03
cnmo.com,0.03
bleacherreport.com,0.03
aa.com,0.03
lapatilla.com,0.03
instructables.com,0.03
clien.net,0.03
bidverdrd.com,0.03
nba.com,0.03
mirror.co.uk,0.03
interia.pl,0.03
nhk.or.jp,0.03
ensonhaber.com,0.03
yadi.sk,0.03
line.me,0.03
mercadolibre.com.ve,0.03
e-hentai.org,0.03
uploaded.net,0.03
verizon.com,0.03
alexa.cn,0.03
namu.wiki,0.03
yodobashi.com,0.03
heroquizz.com,0.03
latimes.com,0.03
123cha.com,0.03
pof.com,0.03
eyny.com,0.03
azlyrics.com,0.03
aliyun.com,0.03
people.com,0.03
yandex.com.tr,0.03
rottentomatoes.com,0.03
104.com.tw,0.03
houzz.com,0.03
time.com,0.03
cisco.com,0.03
ppomppu.co.kr,0.03
delta.com,0.03
biglobe.ne.jp,0.03
jrj.com.cn,0.03
xunlei.com,0.03
lenovo.com,0.03
usbank.com,0.03
vk.me,0.03
zulily.com,0.03
asana.com,0.03
youboy.com,0.03
zone-telechargement.com,0.03
glassdoor.com,0.03
seasonvar.ru,0.03
nikkeibp.co.jp,0.03
investing.com,0.03
google.com.do,0.03
united.com,0.03
teepr.com,0.03
indianexpress.com,0.03
wikiwiki.jp,0.03
pch.com,0.03
jimdo.com,0.03
oeeee.com,0.03
gyazo.com,0.03
myfitnesspal.com,0.03
yts.ag,0.03
custhelp.com,0.03
paytm.in,0.03
nextdoor.com,0.03
voc.com.cn,0.03
cnbc.com,0.03
sears.com,0.03
bs.to,0.03
itmedia.co.jp,0.03
thekitchn.com,0.03
bomb01.com,0.03
slate.com,0.03
torcache.net,0.03
google.com.my,0.03
4chan.org,0.03
biobiochile.cl,0.03
google.co.nz,0.03
okcupid.com,0.03
google.rs,0.03
instructure.com,0.03
intoday.in,0.03
zhanqi.tv,0.03
chinaso.com,0.03
squarespace.com,0.03
fitbit.com,0.03
photobucket.com,0.03
eskimi.com,0.03
mixi.jp,0.03
4dsply.com,0.03
thatviralfeed.com,0.03
pantip.com,0.03
as.com,0.03
elfagr.org,0.03
3dmgame.com,0.03
howtogeek.com,0.03
aastocks.com,0.03
manoramaonline.com,0.03
alwafd.org,0.03
inquirer.net,0.03
himado.in,0.03
xbox.com,0.03
meaww.com,0.03
pogo.com,0.03
redfin.com,0.03
buy.tmall.com,0.03
drom.ru,0.03
infoseek.co.jp,0.03
buzzfil.net,0.03
urbandictionary.com,0.03
mit.edu,0.03
olx.com.br,0.03
chinaz.com,0.03
chip.de,0.03
panet.co.il,0.03
gamespot.com,0.03
google.com.ec,0.03
subito.it,0.03
gazetaexpress.com,0.03
zara.com,0.03
swagbucks.com,0.03
tmz.com,0.03
nexusmods.com,0.03
tsite.jp,0.03
timeanddate.com,0.03
discuss.com.hk,0.03
quanjing.com,0.03
bhphotovideo.com,0.03
lequipe.fr,0.03
superuser.com,0.03
ero-advertising.com,0.03
myntra.com,0.03
cdiscount.com,0.03
issuu.com,0.03
filehippo.com,0.03
vporn.com,0.03
quikr.com,0.03
axisbank.co.in,0.03
gameforge.com,0.03
twoo.com,0.03
4pda.ru,0.03
java.com,0.03
blogspot.mx,0.03
spankbang.com,0.03
discover.com,0.03
kdnet.net,0.03
agar.io,0.03
priceline.com,0.03
mercadolibre.com.mx,0.03
atwiki.jp,0.03
audible.com,0.03
mynavi.jp,0.03
vodlocker.com,0.03
sky.com,0.03
sciencedirect.com,0.03
gigazine.net,0.03
olx.ua,0.03
livescore.com,0.03
58.com,0.03
syosetu.com,0.03
prezi.com,0.03
hotnewhiphop.com,0.03
jcpenney.com,0.03
ero-video.net,0.03
nypost.com,0.03
nydailynews.com,0.03
acunn.com,0.03
foodnetwork.com,0.03
mint.com,0.03
bitbucket.org,0.03
creditkarma.com,0.03
mataharimall.com,0.03
rarbg.to,0.03
tim.it,0.03
anitube.se,0.03
mapquest.com,0.03
westernjournalism.com,0.03
eventbrite.com,0.03
liveinternet.ru,0.03
politico.com,0.03
android.com,0.03
weather.gov,0.03
lun.com,0.03
bankmellat.ir,0.03
sfgate.com,0.03
misrjournal.com,0.03
lemonde.fr,0.03
uber.com,0.03
givemesport.com,0.03
stockstar.com,0.03
wiktionary.org,0.03
51sole.com,0.03
google.hr,0.03
reverso.net,0.03
thehindu.com,0.03
marriott.com,0.03
yomiuri.co.jp,0.03
topix.com,0.03
prpops.com,0.03
sankei.com,0.03
europa.eu,0.03
pcmag.com,0.03
constantcontact.com,0.03
battlefield.com,0.03
php.net,0.03
ria.ru,0.03
fanpage.gr,0.03
getpocket.com,0.03
cpasbien.cm,0.03
diep.io,0.03
rightmove.co.uk,0.03
sfr.fr,0.03
hilton.com,0.03
sozcu.com.tr,0.03
blog-newstime.com,0.03
agoda.com,0.03
india.com,0.03
bodybuilding.com,0.03
techcrunch.com,0.03
thisav.com,0.03
hbogo.com,0.03
zappos.com,0.03
google.lt,0.03
appledaily.com.tw,0.03
geocities.jp,0.03
duckduckgo.com,0.03
irs.gov,0.03
kotaku.com,0.03
marktplaats.nl,0.03
eroterest.net,0.03
duolingo.com,0.03
ebay.fr,0.03
wp.com,0.03
jin115.com,0.03
staples.com,0.03
youjizz.com,0.03
fanfiction.net,0.03
walgreens.com,0.03
bt.com,0.03
microsoftstore.com,0.03
123movies.to,0.03
126.com,0.03
exblog.jp,0.03
yjc.ir,0.03
t-mobile.com,0.03
farsnews.com,0.03
chron.com,0.03
stumbleupon.com,0.03
parentanswercentre.com,0.03
123rf.com,0.03
breitbart.com,0.03
hh.ru,0.03
cbssports.com,0.03
sex.com,0.03
pnc.com,0.03
mega.co.nz,0.03
lazada.co.id,0.03
marketwatch.com,0.03
ew.com,0.03
ryanair.com,0.03
gazeta.pl,0.03
gmanetwork.com,0.03
dcinside.com,0.03
ampclicks.com,0.03
slimspots.com,0.03
basecamp.com,0.03
cctv.com,0.03
incometaxindiaefiling.gov.in,0.03
citibank.co.in,0.03
brightonclick.com,0.03
gazzetta.it,0.03
indianrail.gov.in,0.03
idnes.cz,0.03
thedailybeast.com,0.03
intel.com,0.03
auction.co.kr,0.03
fatosdesconhecidos.com.br,0.03
to8to.com,0.03
ultimate-guitar.com,0.03
mcafee.com,0.03
neobux.com,0.03
tripadvisor.co.uk,0.03
tomshardware.com,0.03
rapidgator.net,0.03
bola.net,0.03
hubspot.com,0.03
otto.de,0.03
digitaltrends.com,0.03
elevenia.co.id,0.03
n121adserv.com,0.03
gofundme.com,0.03
lacaixa.es,0.03
ctrip.com,0.03
flashx.tv,0.03
quizlet.com,0.03
banggood.com,0.03
garmin.com,0.03
primewire.ag,0.03
vox.com,0.03
labanquepostale.fr,0.03
telekom.com,0.03
drive2.ru,0.03
eonline.com,0.03
chosun.com,0.03
credit-agricole.fr,0.03
wowhead.com,0.03
match.com,0.03
hamariweb.com,0.03
vnexpress.net,0.03
familydoctor.com.cn,0.03
thethao247.vn,0.03
state.gov,0.03
todayhumor.co.kr,0.03
abril.com.br,0.03
uzone.id,0.03
hepsiburada.com,0.03
wwwpromoter.com,0.03
popsugar.com,0.03
panasonic.jp,0.03
360doc.com,0.03
minecraft.net,0.03
internethaber.com,0.03
dailypakistan.com.pk,0.03
bedbathandbeyond.com,0.03
pixabay.com,0.03
wav.tv,0.03
novinky.cz,0.03
uptobox.com,0.03
whitepages.com,0.03
icolor.com.cn,0.03
babycenter.com,0.03
qvc.com,0.03
indiamart.com,0.03
onlinecreditcenter6.com,0.03
6pm.com,0.03
g2a.com,0.03
milanuncios.com,0.03
mayoclinic.org,0.03
commentcamarche.net,0.03
gawker.com,0.03
fandango.com,0.03
duowan.com,0.03
myanimelist.net,0.03
telegram.me,0.03
genius.com,0.03
wiley.com,0.03
liveleak.com,0.03
divar.ir,0.03
bestadbid.com,0.03
niuche.com,0.03
chouftv.ma,0.03
life.tw,0.03
dream.co.id,0.03
cocolog-nifty.com,0.03
ptt.cc,0.03
legacy.com,0.03
mynet.com,0.03
gmail.com,17.74